{
  "entities": [],
  "generator-jhipster": {
    "applicationIndex": 0,
    "applicationType": "gateway",
    "authenticationType": "oauth2",
    "baseName": "app",
    "buildTool": "maven",
    "cacheProvider": "no",
    "clientFramework": "react",
    "clientTheme": "none",
    "clientThemeVariant": "",
    "communicationsList": ["rest-api", "rest-api"],
    "creationTimestamp": 1701681286953,
    "databaseType": "no",
    "devDatabaseType": "no",
    "devServerPort": 9060,
    "dtoSuffix": "DTO",
    "enableGradleEnterprise": false,
    "enableHibernateCache": false,
    "enableSwaggerCodegen": false,
    "enableTranslation": true,
    "entities": [],
    "entitySuffix": "",
    "gradleEnterpriseHost": "",
    "jhiPrefix": "jhi",
    "jhipsterVersion": "7.10.0",
    "jwtSecretKey": "N2MzZDAzODM3NDM0MmVhYjQ4NzI1YjMxN2JmM2U5ZDcyOGVlYWUzN2EwZGQ5YTBjYTYyNDJmMGMxNzQ0NGM0MzYwZmUyYmI1NTUxOTViZDgwMTVjNTM0MzZhNDkwY2IwOGVmOTI4NDAwNjU4Mzc3YjljYmNkZjlmZTRiNTQ1Zjg=",
    "languages": ["en"],
    "logManagementType": "eck",
    "messageBroker": "no",
    "monorepository": true,
    "nativeLanguage": "en",
    "packageFolder": "com/medisure/app",
    "packageName": "com.medisure.app",
    "pages": [],
    "prodDatabaseType": "no",
    "reactive": true,
    "searchEngine": "no",
    "serverPort": "3001",
    "serviceDiscoveryType": "eureka",
    "skipCheckLengthOfIdentifier": false,
    "skipClient": false,
    "skipCommitHook": true,
    "skipFakeData": false,
    "skipJhipsterDependencies": true,
    "skipUserManagement": true,
    "testFrameworks": [],
    "websocket": "no",
    "withAdminUi": true,
    "withExample": false
  }
}
