{
  "entities": [],
  "generator-jhipster": {
    "applicationIndex": 1,
    "applicationType": "microservice",
    "authenticationType": "oauth2",
    "baseName": "policies",
    "buildTool": "maven",
    "cacheProvider": "hazelcast",
    "clientFramework": "no",
    "communicationsList": ["rabbitmq", "rest-api"],
    "creationTimestamp": 1701681292197,
    "databaseType": "sql",
    "devDatabaseType": "postgresql",
    "dtoSuffix": "DTO",
    "enableGradleEnterprise": false,
    "enableHibernateCache": true,
    "enableSwaggerCodegen": false,
    "enableTranslation": true,
    "entities": [],
    "entitySuffix": "",
    "gradleEnterpriseHost": "",
    "jhiPrefix": "jhi",
    "jhipsterVersion": "7.10.0",
    "jwtSecretKey": "MDM4ZTZhYmU2NTM0ODUwN2M1ZGZmNWQwYTYxMGVhMDU4MGM1OWExZGU1N2UwNWM5YTA3MjgwNTlmMGViYjk5MjE4NmIwNjFiZTM0N2MxZTVjNzJjZjVkZDE5Y2EzNzgyNGI4M2NhMzJmYWUxYjcyMGFlYTJkNDNkMGFmMzQ4ZWY=",
    "languages": ["en"],
    "logManagementType": "eck",
    "messageBroker": "no",
    "monorepository": true,
    "nativeLanguage": "en",
    "packageFolder": "com/medisure/policies",
    "packageName": "com.medisure.policies",
    "pages": [],
    "prodDatabaseType": "postgresql",
    "reactive": false,
    "searchEngine": "no",
    "serverPort": "8090",
    "serviceDiscoveryType": "eureka",
    "skipCheckLengthOfIdentifier": false,
    "skipClient": true,
    "skipCommitHook": true,
    "skipFakeData": false,
    "skipJhipsterDependencies": true,
    "skipUserManagement": true,
    "testFrameworks": [],
    "websocket": "no",
    "withAdminUi": false,
    "withExample": false
  }
}
