{
  "entities": [],
  "generator-jhipster": {
    "applicationIndex": 2,
    "applicationType": "microservice",
    "authenticationType": "oauth2",
    "baseName": "validations",
    "blueprint": ["gomicro"],
    "blueprints": [
      {
        "name": "generator-jhipster-gomicro",
        "version": "0.0.0"
      }
    ],
    "buildTool": "maven",
    "cacheProvider": "hazelcast",
    "clientFramework": "no",
    "communicationsList": ["rabbitmq", "rest-api"],
    "creationTimestamp": 1701681296011,
    "databaseType": "mongodb",
    "dtoSuffix": "DTO",
    "enableGradleEnterprise": false,
    "enableHibernateCache": false,
    "enableSwaggerCodegen": false,
    "enableTranslation": true,
    "entities": [],
    "entitySuffix": "",
    "gradleEnterpriseHost": "",
    "jhiPrefix": "jhi",
    "jhipsterVersion": "7.10.0",
    "languages": ["en"],
    "logManagementType": "eck",
    "messageBroker": "no",
    "monorepository": true,
    "nativeLanguage": "en",
    "packageFolder": "com/medisure/validations",
    "packageName": "com.medisure.validations",
    "pages": [],
    "reactive": false,
    "searchEngine": "no",
    "serverPort": "8091",
    "serviceDiscoveryType": "eureka",
    "skipCheckLengthOfIdentifier": false,
    "skipClient": true,
    "skipCommitHook": true,
    "skipFakeData": false,
    "skipJhipsterDependencies": true,
    "skipUserManagement": true,
    "testFrameworks": [],
    "websocket": "no",
    "withAdminUi": false,
    "withExample": false
  }
}
